<persistence xmlns="http://xmlns.jcp.org/xml/ns/persistence"
             xmlns:xsi="http://www.w3.org/2001/XMLSchema-instance"
             xsi:schemaLocation="http://xmlns.jcp.org/xml/ns/persistence
             http://xmlns.jcp.org/xml/ns/persistence/persistence_2_1.xsd"
             version="2.1">

    <persistence-unit name="PERSISTENCE" transaction-type="RESOURCE_LOCAL">
        <description>Hibernate JPA Configuration Example</description>
        <provider>org.hibernate.jpa.HibernatePersistenceProvider</provider>

        <properties>
            <property name="javax.persistence.jdbc.driver" value="org.h2.Driver" />
            <property name="javax.persistence.jdbc.url"    value="jdbc:h2:mem:test" />
            <property name="javax.persistence.jdbc.user" value="sa" />
            <property name="javax.persistence.jdbc.password" value="" />
            <property name="hibernate.dialect" value="org.hibernate.dialect.H2Dialect"/>
            <property name="show_sql" value="true"/>
            <property name="hibernate.temp.use_jdbc_metadata_defaults" value="false"/>
        </properties>
    </persistence-unit>

</persistence>